seed,snr,accuracy,bal_acc,rejcet_acc
0.0,0.0,0.8662420382165605,0.8819120121987318,0.9227707006369427
0.0,5.0,0.9020700636942676,0.9257466390629905,0.9339171974522293
0.0,10.0,0.9179936305732485,0.9582590483595077,0.9347133757961783
0.0,15.0,0.928343949044586,0.968391229125241,0.9410828025477707
0.0,20.0,0.9235668789808917,0.9679254805287808,0.9371019108280255
0.0,25.0,0.928343949044586,0.9649509229394923,0.9434713375796179
0.0,30.0,0.9307324840764332,0.9706314330919703,0.9426751592356688
