seed,snr,accuracy,bal_acc,rejcet_acc
0.0,0.0,0.8590764331210191,0.9079049841180399,0.9020700636942676
0.0,5.0,0.8734076433121019,0.9223727056786959,0.9060509554140127
0.0,10.0,0.892515923566879,0.9571975160030336,0.9116242038216561
0.0,15.0,0.9020700636942676,0.9620077194710738,0.9187898089171974
0.0,20.0,0.9020700636942676,0.9599629085432043,0.9195859872611465
0.0,25.0,0.9084394904458599,0.9666694931897999,0.9227707006369427
0.0,30.0,0.9076433121019108,0.9612944654942287,0.9235668789808917
