seed,snr,accuracy,bal_acc,rejcet_acc
0.0,0.0,0.8662420382165605,0.8947243677316539,0.9187898089171974
0.0,5.0,0.9140127388535032,0.9447591798803135,0.9378980891719745
0.0,10.0,0.9156050955414012,0.9534076345566619,0.9371019108280255
0.0,15.0,0.9195859872611465,0.9585732988701408,0.9386942675159236
0.0,20.0,0.9235668789808917,0.9664675335709723,0.9394904458598726
0.0,25.0,0.9227707006369427,0.9619121838572939,0.9402866242038217
0.0,30.0,0.9195859872611465,0.9675748620723267,0.9339171974522293
