seed,snr,accuracy,bal_acc,rejcet_acc
0.0,0.0,0.8654458598726115,0.9147118786901444,0.9052547770700637
0.0,5.0,0.8869426751592356,0.9392714157671805,0.9132165605095541
0.0,10.0,0.910031847133758,0.9603408413753719,0.927547770700637
0.0,15.0,0.9004777070063694,0.9566089037274305,0.9195859872611465
0.0,20.0,0.9156050955414012,0.9717696378749291,0.928343949044586
0.0,25.0,0.9164012738853503,0.9746507610076303,0.9267515923566879
0.0,30.0,0.9203821656050956,0.9721672387270799,0.9331210191082803
