seed,snr,accuracy,bal_acc,rejcet_acc
0.0,0.0,0.8542993630573248,0.8837146932524563,0.910031847133758
0.0,5.0,0.9028662420382165,0.9396915572769047,0.929140127388535
0.0,10.0,0.9012738853503185,0.9475902744661997,0.9235668789808917
0.0,15.0,0.910828025477707,0.9491025589457583,0.9331210191082803
0.0,20.0,0.9084394904458599,0.9556137006920056,0.928343949044586
0.0,25.0,0.9068471337579618,0.9542275343924997,0.9267515923566879
0.0,30.0,0.9140127388535032,0.9589866957231523,0.9323248407643312
