seed,snr,accuracy,bal_acc,rejcet_acc
0.0,0.0,0.8733905579399142,0.8903440560194238,0.9259656652360515
0.0,5.0,0.9259656652360515,0.9498485503663198,0.9506437768240343
0.0,10.0,0.9366952789699571,0.9659342623142692,0.9517167381974249
0.0,15.0,0.9409871244635193,0.9660788714874239,0.9570815450643777
0.0,20.0,0.9452789699570815,0.9702836612914616,0.9592274678111588
0.0,25.0,0.9517167381974249,0.9650898221258807,0.9688841201716738
0.0,30.0,0.9420600858369099,0.955124388071049,0.9635193133047211
