seed,snr,accuracy,bal_acc,rejcet_acc
0.0,0.0,0.8766094420600858,0.8893969840556937,0.9324034334763949
0.0,5.0,0.9302575107296137,0.9433197435309625,0.9581545064377682
0.0,10.0,0.9452789699570815,0.9650013582919763,0.9613733905579399
0.0,15.0,0.953862660944206,0.9670591151248523,0.9688841201716738
0.0,20.0,0.9592274678111588,0.9764045226397994,0.9699570815450643
0.0,25.0,0.9592274678111588,0.9708624848982562,0.973175965665236
0.0,30.0,0.9678111587982833,0.9751429278783321,0.9796137339055794
