seed,snr,accuracy,bal_acc,rejcet_acc
0.0,0.0,0.8542993630573248,0.8966752618004539,0.9052547770700637
0.0,5.0,0.8885350318471338,0.9354261430670201,0.9171974522292994
0.0,10.0,0.9092356687898089,0.958958997740451,0.928343949044586
0.0,15.0,0.9004777070063694,0.9547041106115391,0.9203821656050956
0.0,20.0,0.9164012738853503,0.9602459387131224,0.9339171974522293
0.0,25.0,0.9211783439490446,0.9659529819295956,0.9363057324840764
0.0,30.0,0.9187898089171974,0.9688189128899984,0.9331210191082803
